{
    "RequireCarJackWheelChange": 1,
    "PlayerInCarCanBeTargetedByAI": 1,
    "WheelDamageRoad": 0.0020000000949949028,
    "WheelDamageOffroad": 0.004000000189989805
}