{
  "ObjectiveText": "Zeleno Fort Umbrella Corp",
  "TimeLimit": -1,
  "Active": 1,
  "InfectedDeletionRadius": 250.0,
  "AISpawns": [
    {
      "NumberOfAI": 1,
      "NPCName": "Quest Target",
      "Waypoints": [
        [
          1417.90380859375,
          204.5335235595703,
          5256.5849609375
        ],
        [
          1476.3101806640626,
          187.13902282714845,
          5217.0361328125
        ],
        [
          1420.9097900390626,
          175.07810974121095,
          5238.6484375
        ],
        [
          1419.3594970703126,
          173.65577697753907,
          5244.525390625
        ],
        [
          1455.85498046875,
          187.03282165527345,
          5267.1181640625
        ],
        [
          1463.7008056640626,
          178.07928466796876,
          5243.75537109375
        ],
        [
          1465.518310546875,
          177.64602661132813,
          5239.6787109375
        ],
        [
          1421.5435791015626,
          185.66290283203126,
          5232.2958984375
        ]
      ],
      "Behaviour": 0,
      "Formation": "File",
      "Loadout": "UmbrellaLoadout308",
      "Faction": "Shamans",
      "Speed": 0.0,
      "ThreatSpeed": 3.0,
      "MinAccuracy": 45.0,
      "MaxAccuracy": 80.00,
      "CanBeLooted": 1,
      "UnlimitedReload": 1,
      "ThreatDistanceLimit": 1000.0,
      "DamageMultiplier": 1.0,
      "DamageReceivedMultiplier": -2.0,
      "ClassNames": [
        "eAI_SurvivorF_Eva",
        "eAI_SurvivorF_Frida",
        "eAI_SurvivorF_Gabi",
        "eAI_SurvivorF_Helga",
        "eAI_SurvivorF_Irena",
        "eAI_SurvivorF_Judy",
        "eAI_SurvivorF_Keiko",
        "eAI_SurvivorF_Linda",
        "eAI_SurvivorF_Maria",
        "eAI_SurvivorF_Naomi",
        "eAI_SurvivorF_Baty",
        "eAI_SurvivorM_Boris",
        "eAI_SurvivorM_Cyril",
        "eAI_SurvivorM_Denis",
        "eAI_SurvivorM_Elias",
        "eAI_SurvivorM_Francis",
        "eAI_SurvivorM_Guo",
        "eAI_SurvivorM_Hassan",
        "eAI_SurvivorM_Indar",
        "eAI_SurvivorM_Jose",
        "eAI_SurvivorM_Kaito",
        "eAI_SurvivorM_Lewis",
        "eAI_SurvivorM_Manua",
        "eAI_SurvivorM_Mirek",
        "eAI_SurvivorM_Niki",
        "eAI_SurvivorM_Oliver",
        "eAI_SurvivorM_Peter",
        "eAI_SurvivorM_Quinn",
        "eAI_SurvivorM_Rolf",
        "eAI_SurvivorM_Seth",
        "eAI_SurvivorM_Taiki"
      ],
      "SniperProneDistanceThreshold": 600.0,
      "RespawnTime": 1.0,
      "DespawnTime": -2.0,
      "MinDistanceRadius": 50.0,
      "MaxDistanceRadius": 150.0,
      "DespawnRadius": 500.0
    }
  ],
  "MaxDistance": -1.0,
  "MinDistance": -1.0,
  "AllowedWeapons": [],
  "AllowedDamageZones": [],
  "ConfigVersion": 27,
  "ID": 6,
  "ObjectiveType": 8
}